"0","install.packages(""auk"")"
"1","Error in "
"1",""
"1","install.packages"
"1",""
"1"," : "
"1",""
"1","Updating loaded packages"
"1",""
"1","
"
"0","install.packages(""sf"")"
"1","Error in "
"1",""
"1","install.packages"
"1",""
"1"," : "
"1",""
"1","Updating loaded packages"
"1",""
"1","
"
"0","install.packages(""gridExtra"")"
"1","Error in "
"1",""
"1","install.packages"
"1",""
"1"," : "
"1",""
"1","Updating loaded packages"
"1",""
"1","
"
"0","install.packages(""lubridate"")"
"1","Error in "
"1",""
"1","install.packages"
"1",""
"1"," : "
"1",""
"1","Updating loaded packages"
"1",""
"1","
"
"0","install.packages(""tidyverse"")"
"1","Error in "
"1",""
"1","install.packages"
"1",""
"1"," : "
"1",""
"1","Updating loaded packages"
"1",""
"1","
"
"0","install.packages(""descr"")"
"1","Error in "
"1",""
"1","install.packages"
"1",""
"1"," : "
"1",""
"1","Updating loaded packages"
"1",""
"1","
"
"0","install.packages(""Hmisc"")"
"1","Error in "
"1",""
"1","install.packages"
"1",""
"1"," : "
"1",""
"1","Updating loaded packages"
"1",""
"1","
"
"0","install.packages(""vegan"")"
"1","Error in "
"1",""
"1","install.packages"
"1",""
"1"," : "
"1",""
"1","Updating loaded packages"
"1",""
"1","
"
"0","install.packages(""dplyr"")"
"1","Error in "
"1",""
"1","install.packages"
"1",""
"1"," : "
"1",""
"1","Updating loaded packages"
"1",""
"1","
"
"0","install.packages(""colorspace"")"
"1","Error in "
"1",""
"1","install.packages"
"1",""
"1"," : "
"1",""
"1","Updating loaded packages"
"1",""
"1","
"
